id	name	maxCount	idBadgesReward	badge_name	badge_item_id
1	Nạp Tích luỹ 1 Triệu Trong Ngày	1000000	218		-1
2	Ước Rồng Thần 1 Sao X100 Lần	100	219		-1
3	Hạ Gục Cumber, Black Goku, Cooler, Xên ( 300 Lần )	300	220		-1
4	Đập 5 Trang Bị +7 Trong Ngày	5	221		-1
5	Top 1 Đại Hội Võ Đài Siêu Hạng	1	222		-1
6	Hoàn Thành 10 Nhiệm Vụ Siêu Khó Tại Bò Mộng	10	223		-1
7	Đánh Bại, Hoặc Cho Xương Sói 20 Lần	20	1286		-1
8	Hoàn Thành Nhiệm Vụ 5 Lần Cho Xinbato Nước	5	1287		-1
9	Nhặt Đồ Trong Ngày 500 Lần	500	224		-1
10	Tiêu diệt 30 Boss Ăn Trộm	30	225		-1
11	Tiêu Diệt 30 Boss Ở Dơ	30	1300		-1
12	Mở Rương Gỗ Cấp 12	10	240		-1
13	Mở Rương Gỗ Cấp 12	20	242		-1
14	Mở Rương Gỗ Cấp 12	30	243		-1
15	Đạt 500 Điểm Sự Kiện	500	247		-1
16	Nạp tích lũy 2 triệu trong ngày	2000000	253		-1
17	Sở hữu 7 rồng nhí vĩnh viễn	7	256		-1
18	Fan cứng KOL	1	226		-1